NAIP Main Region,NAIP Sub-province,Locality 1,Locality 2,Latitude,Longitude,LatLong_accuracy,Formation_Unit,Lithology,Type,Original Reported Sample Number,Geochronological Method,Mineral/Phase,Authors,Chemical Geology,241,264-281,Age_included_selected dataset_second level,Preferred age calculation method,Re-calibrated Age_NAGTEC,Re-calibrated Error (± 1σ)_NAGTEC,Change_age_after_recalibration,Reported Age_Original Reference,Reported Error_Original Reference,Comment,Comment 2,40K/K_ratio (atom per cent),K2O(%),K2O(± 1σ%),Radiogenic_Ar(%),Plateau MSWD,40Ar/39Ar_Alternative_Age_Calculation_Method,40Ar/39Ar_Alternative_Age,40Ar/39Ar_Alternative_Age (± 1σ),%39Ar_Step heating_spectrum,40Ar/36Ar_Inverse_Isochron_Intercept,40Ar/36Ar_Inverse_Isochron_Intercept (± 1σ),MSWD_Isochron,40Ar/39Ar_Monitor_Mineral,40Ar/39Ar_Monitor_Age,40Ar/39Ar_Monitor (± 1σ),Literature_Reference_Monitor,"Proper_Plateau(39Ar50%,overlap2σ,3steps_minimum)"
Faeroe Islands,Faeroe Islands,,Faeroe Islands,61.42,-6.8,Approximate,Lower Series,Basalt,Extrusive,Sample89068,Ar/Ar,Plagioclase         ,"Storey, M., Duncan, R.A. and Tegner, C.",Chemical Geology,241,264-281,Y,Ar/Ar Plateau age,57.49,0.3,0.69,56.8,0.3,Lower Series - close to top of Lower Series,,,,,,,Ar/Ar Isochron age,56.7,0.4,82,303,21,0.5,Fish Canyon Tuff-3 Biotite,28.03,0.16,"Renne et al., Chemical Geology V145, 117-552 (1998)",Proper plateau
Faeroe Islands,Faeroe Islands,,Faeroe Islands,61.42,-6.8,Approximate,Lower Series,Basalt,Extrusive,SampleL1-0337.5,Ar/Ar,Plagioclase         ,"Storey, M., Duncan, R.A. and Tegner, C.",Chemical Geology,241,264-281,Y,Ar/Ar Plateau age,60.63,0.35,0.73,59.9,0.35,"Lower Series, Lopra drill hole - over half way of drill hole",,,,,,,Ar/Ar Isochron age,59.1,1.15,88,335,61.5,2.3,Fish Canyon Tuff-3 Biotite,28.03,0.16,"Renne et al., Chemical Geology V145, 117-552 (1998)",Proper plateau
Faeroe Islands,Faeroe Islands,,Faeroe Islands,61.42,-6.8,Approximate,Lower Series,Basalt,Extrusive,SampleL1-1923.1,Ar/Ar,Plagioclase         ,"Storey, M., Duncan, R.A. and Tegner, C.",Chemical Geology,241,264-281,Y,Ar/Ar Plateau age,60.83,0.3,0.73,60.1,0.3,"Lower Series, Lopra drill hole - bottom of drill hole",,,,,,,Ar/Ar Isochron age,60.8,0.6,56,277,14,1.2,Fish Canyon Tuff-3 Biotite,28.03,0.16,"Renne et al., Chemical Geology V145, 117-552 (1998)",Proper plateau
Faeroe Islands,Faeroe Islands,,Faeroe Islands,62,-6.75,Approximate,Upper Series,Basalt,Extrusive,Sample32/2,Ar/Ar,Plagioclase         ,"Storey, M., Duncan, R.A. and Tegner, C.",Chemical Geology,241,264-281,Y,Ar/Ar Plateau age,55.87,0.35,0.67,55.2,0.35,Upper Series,,,,,,,Ar/Ar Isochron age,55.3,0.4,100,292,3.5,1,Fish Canyon Tuff-3 Biotite,28.03,0.16,"Renne et al., Chemical Geology V145, 117-552 (1998)",Proper plateau
Faeroe Islands,Faeroe Islands,,Faeroe Islands,62,-6.75,Approximate,Middle Series,Basalt,Extrusive,SampleX/2,Ar/Ar,Plagioclase         ,"Storey, M., Duncan, R.A. and Tegner, C.",Earth and Planetary Science Letters,156,75-88,Y,Ar/Ar Plateau age,55.57,0.35,0.67,54.9,0.35,Middle Series,,,,,,,Ar/Ar Isochron age,55,0.5,100,291,8,1.3,Fish Canyon Tuff-3 Biotite,28.03,0.16,"Renne et al., Chemical Geology V145, 117-552 (1998)",Proper plateau
Greenland,East Greenland,,Igtutarajik         ,67.35,-32.5,Approximate,Layered Gabbro Complexes,Pegmatite (Gabbro),Intrusive,Sample I-7,Ar/Ar,Biotite             ,"Tegner, C., Duncan, R.A., Bernstein, S., Brooks, C.K., Bird, D.K. and Storey, M.",Earth and Planetary Science Letters,156,75-88,Y,Ar/Ar Plateau age,47.9,0.2,0.9,47,0.2,"Sample I-7, plateau age, similar isochron (no MSWD)",,,,,,,,47,0.3,,285,19,,Fish Canyon Tuff-3 Biotite,27.84,0.12,"Berggren et al., in: Berggren et al. (eds.), Geochronology, time scales and global stratigraphic correlation, Soc. Sed. Geol., Tulsa, OK, V54, 129-212, (1995)",Proper plateau
Greenland,East Greenland,,Sorgenfri Gletscher ,68.35,-32,Approximate,Sorgenfri Glerscher Sill Complex,Sill (Diabase),Intrusive,Sample413907,Ar/Ar,Plagioclase         ,"Tegner, C., Duncan, R.A., Bernstein, S., Brooks, C.K., Bird, D.K. and Storey, M.",Earth and Planetary Science Letters,146,645-658,Y,Ar/Ar Plateau age,57.07,0.4,1.07,56,0.4,"Sample 413907, plateau age, similar isochron (no MSWD)",,,,,,,,56.2,1.1,,280,41,,Fish Canyon Tuff-3 Biotite,27.84,0.12,"Berggren et al., in: Berggren et al. (eds.), Geochronology, time scales and global stratigraphic correlation, Soc. Sed. Geol., Tulsa, OK, V54, 129-212, (1995)",Proper plateau
Greenland,East Greenland,,Skærgaard           ,68.2,-31.7,Approximate,,Granophyre,Intrusive,SG-61 Biotite,Ar/Ar,Biotite             ,"Hirschmann, M.M., Renne, P.R. and McBirney, A.R.",Earth and Planetary Science Letters,146,645-658,Y,Ar/Ar Inverse isochron age,55.74,0.72,0.34,55.4,0.34,,,,,,,,,55.4,0.72,,291.1,7.2,0.85,Fish Canyon Tuff Sanidine,28.03,0.18,"Renne et al., Geology V22, 783-786 (1994)",
Greenland,East Greenland,,Skærgaard           ,68.2,-31.7,Approximate,,Granophyre,Intrusive,SG-61 Hornblende,Ar/Ar,Hornblende,"Hirschmann, M.M., Renne, P.R. and McBirney, A.R.",Lithos,101,480-500,Y,Ar/Ar Inverse isochron age,55.82,0.76,0.34,55.48,0.34,,,,,,,,,55.48,0.76,,292.4,19,0.17,Fish Canyon Tuff Sanidine,28.03,0.18,"Renne et al., Geology V22, 783-786 (1994)",
Greenland,East Greenland,,Kangerlussuaq,68.18,-32.37,Approximate,,Biotite Granite,Intrusive,Sample333132,Ar/Ar,Biotite             ,"Tegner, C., Brooks, C.K., Duncan, R.A., Heister, L.E. and Bernstein, S.",Lithos,101,480-500,Y,Ar/Ar Inverse isochron age,47.19,0.45,0.59,46.6,0.45,"Reference says FCT-3 Biotite is standard used - but Renne et al., 1998 only has calibrated age for FC sanidine. We assumed they used 28.02 --> FCs compatible age. ",,,,,,,,46.6,0.45,98,279,34,2.4,Fish Canyon Tuff Sanidine,28.02,,"Renne et al., Chemical Geology V145, 117-552 (1998)",
Greenland,East Greenland,,Kangerlussuaq,68.29,-32.52,Approximate,,Syenite,Intrusive,EG4583,Ar/Ar,Biotite             ,"Tegner, C., Brooks, C.K., Duncan, R.A., Heister, L.E. and Bernstein, S.",Lithos,101,480-500,Y,Ar/Ar Inverse isochron age,51.44,0.55,0.64,50.8,0.55,"Reference says FCT-3 Biotite is standard used - but Renne et al., 1998 only has calibrated age for FC sanidine. We assumed they used 28.02 --> FCs compatible age. ",,,,,,,,50.8,0.55,96,313,69,0.5,Fish Canyon Tuff Sanidine,28.02,,"Renne et al., Chemical Geology V145, 117-552 (1998)",
Greenland,East Greenland,,Kærven,68.35,-32.36,Approximate,,Gabbro,Intrusive,Sample85659,Ar/Ar,Biotite             ,"Tegner, C., Brooks, C.K., Duncan, R.A., Heister, L.E. and Bernstein, S.",Lithos,101,480-500,Y,Ar/Ar Inverse isochron age,55.79,0.7,0.69,55.1,0.7,"Reference says FCT-3 Biotite is standard used - but Renne et al., 1998 only has calibrated age for FC sanidine. We assumed they used 28.02 --> FCs compatible age. ",,,,,,,,55.1,0.7,76,673,93,0.8,Fish Canyon Tuff Sanidine,28.02,,"Renne et al., Chemical Geology V145, 117-552 (1998)",
Greenland,East Greenland,,Kærven,68.35,-32.38,Approximate,,Alkali Granite,Intrusive,Sample40160,Ar/Ar,Amphibole           ,"Tegner, C., Brooks, C.K., Duncan, R.A., Heister, L.E. and Bernstein, S.",Geology,32,173-176,Y,Ar/Ar Inverse isochron age,53.46,0.65,0.66,52.8,0.65,"Reference says FCT-3 Biotite is standard used - but Renne et al., 1998 only has calibrated age for FC sanidine. We assumed they used 28.02 --> FCs compatible age. ",,,,,,,,52.8,0.65,99,690,48,2.3,Fish Canyon Tuff Sanidine,28.02,,"Renne et al., Chemical Geology V145, 117-552 (1998)",
Greenland,East Greenland,,Vindtop Formation,69,-30,Approximate,Vindtop Formation,Basalt,Extrusive,Sample436144,Ar/Ar,Plagioclase         ,"Storey, M., Pedersen, A.K., Stecher, O., Bernstein, S., Larsen, H.C., Larsen, L.M., Baker, J.A. and Duncan, R.A.",Chemical Geology,241,264-281,Y,Ar/Ar Plateau age,13.56,0.2,0.16,13.4,0.2,,,,,,,,Ar/Ar Inverse isochron age,13.6,0.3,76.6,294.4,8.9,,Fish Canyon Tuff-3 Biotite,28.03,0.18,"Renne et al., Geology V22, 783-786 (1994)",Proper plateau
Greenland,East Greenland,,Blosseville Kyst,68.31,-29.85,Approximate,Nansen fjord Formation,Basalt (Tholeiite),Extrusive,Sample426296,Ar/Ar,Plagioclase         ,"Storey, M., Duncan, R.A. and Tegner, C.",Chemical Geology,241,264-281,Y,Ar/Ar Plateau age,58.4,0.25,0.7,57.7,0.25,,,,,,,,Ar/Ar Isochron age,57.5,0.3,94,298,3,2.1,Fish Canyon Tuff-3 Biotite,28.03,0.16,"Renne et al., Chemical Geology V145, 117-552 (1998)",Proper plateau
Greenland,East Greenland,,Blosseville Kyst,68.31,-29.85,Approximate,Nansen fjord Formation,Basalt (Tholeiite),Extrusive,Sample194021,Ar/Ar,Plagioclase         ,"Storey, M., Duncan, R.A. and Tegner, C.",Chemical Geology,241,264-281,Y,Ar/Ar Isochron age,57.49,1.15,0.69,56.8,1.15,,,,,,,,,,,76,362,29,0.5,Fish Canyon Tuff-3 Biotite,28.03,0.16,"Renne et al., Chemical Geology V145, 117-552 (1998)",
Greenland,East Greenland,,Skjoldungen,63.32,-41.5,Approximate,,Dyke (Basalt),Intrusive,Sample940211,Ar/Ar,Plagioclase         ,"Storey, M., Duncan, R.A. and Tegner, C.",Chemical Geology,241,264-281,Y,Ar/Ar Plateau age,62.15,0.5,0.75,61.4,0.5,,,,,,,,Ar/Ar Isochron age,61.1,0.8,93,301,14,3,Fish Canyon Tuff-3 Biotite,28.03,0.16,"Renne et al., Chemical Geology V145, 117-552 (1998)",Proper plateau
Greenland,East Greenland,,Tugtilik,66.32,-34.92,Approximate,Sulugsut Complex,Dyke (silico-carbonatite),Intrusive,Sample417150,Ar/Ar,Biotite             ,"Storey, M., Duncan, R.A. and Tegner, C.",Chemical Geology,241,264-281,Y,Ar/Ar Plateau age,59.01,0.45,0.71,58.3,0.45,,,,,,,,Ar/Ar Isochron age,58.1,0.5,89,298,3,2.4,Fish Canyon Tuff-3 Biotite,28.03,0.16,"Renne et al., Chemical Geology V145, 117-552 (1998)",Proper plateau
Greenland,East Greenland,,Tugtilik,66.32,-34.92,Approximate,Sulugsut Complex,Dyke (silico-carbonatite),Intrusive,Sample417151,Ar/Ar,Biotite             ,"Storey, M., Duncan, R.A. and Tegner, C.",Chemical Geology,241,264-281,Y,Ar/Ar Isochron age,58.2,0.6,0.7,57.5,0.6,,,,,,,,,,,66,371,35,1.6,Fish Canyon Tuff-3 Biotite,28.03,0.16,"Renne et al., Chemical Geology V145, 117-552 (1998)",
Greenland,East Greenland,,Blosseville Kyst,70.08,-24.37,Approximate,Skraenterne Formation,Tephra,Extrusive,Sample421564,Ar/Ar,Sanidine            ,"Storey, M., Duncan, R.A. and Tegner, C.",Chemical Geology,241,264-281,Y,Ar/Ar Plateau age,55.67,0.2,0.67,55,0.2,,,,,,,,Ar/Ar Isochron age,55.3,0.45,92,265,35,1.7,Fish Canyon Tuff-3 Biotite,28.03,0.16,"Renne et al., Chemical Geology V145, 117-552 (1998)",Proper plateau
Greenland,East Greenland,,Blosseville Kyst,70.08,-24.37,Approximate,Skraenterne Formation,Basalt (Tholeiite),Extrusive,Sample436194,Ar/Ar,Plagioclase         ,"Storey, M., Duncan, R.A. and Tegner, C.",Chemical Geology,241,264-281,Y,Ar/Ar Plateau age,55.57,0.45,0.67,54.9,0.45,,,,,,,,Ar/Ar Isochron age,56.1,2.25,85,288,14,0.5,Fish Canyon Tuff-3 Biotite,28.03,0.16,"Renne et al., Chemical Geology V145, 117-552 (1998)",Proper plateau
Greenland,East Greenland,,Blosseville Kyst,69.72,-23.58,Approximate,Rømer fjord Formation,Basalt (Tholeiite),Extrusive,Sample436056,Ar/Ar,Plagioclase         ,"Storey, M., Duncan, R.A. and Tegner, C.",Chemical Geology,241,264-281,Y,Ar/Ar Plateau age,55.77,0.25,0.67,55.1,0.25,,,,,,,,Ar/Ar Isochron age,55.1,0.8,100,296,7.5,0.5,Fish Canyon Tuff-3 Biotite,28.03,0.16,"Renne et al., Chemical Geology V145, 117-552 (1998)",Proper plateau
Greenland,East Greenland,,Blosseville Kyst,69.72,-23.58,Approximate,Rømer fjord Formation,Basalt (Tholeiite),Extrusive,Sample421522,Ar/Ar,Plagioclase         ,"Storey, M., Duncan, R.A. and Tegner, C.",Chemical Geology,241,264-281,Y,Ar/Ar Plateau age,56.08,0.45,0.68,55.4,0.45,,,,,,,,Ar/Ar Isochron age,55.5,0.8,100,294,8,1.6,Fish Canyon Tuff-3 Biotite,28.03,0.16,"Renne et al., Chemical Geology V145, 117-552 (1998)",Proper plateau
Greenland,East Greenland,,Blosseville Kyst,70.71,-26.58,Approximate,Milne Land Formation,Basalt (Tholeiite),Extrusive,Sample404107,Ar/Ar,Plagioclase         ,"Storey, M., Duncan, R.A. and Tegner, C.",Bulletin of the Geological Society of Denmark,61,18-Jan,Y,Ar/Ar Plateau age,56.79,0.25,0.69,56.1,0.25,,,,,,,,Ar/Ar Isochron age,56.1,0.35,87,295,3,0.5,Fish Canyon Tuff-3 Biotite,28.03,0.16,"Renne et al., Chemical Geology V145, 117-552 (1998)",Proper plateau
Greenland,East Greenland,,Kap Dalton,69.45,-24,Approximate,Igtertivâ Formation (Flow above sediment),Basalt,Extrusive,475269,Ar/Ar,Plagioclase,"Larsen, L.M., Pedersen, A.K., Sørensen, E.V., Watt, W.S. & Duncan, R.A.","Journal of the Geological Society, London",171,539-553,Y,Ar/Ar Plateau age,43.77,0.54,0,43.77,0.54,"The neutron flux was monitored with the FCT-3 biotite monitor. All ages are here calculated relative to an age of 28.201 Ma for the Fish Canyon Tuff, following Kuiper et al. (2008) and Schmitz (2012), and using the decay constant for 40K of Steiger & Jäger (1977).",,,,,,0.12,Ar-Ar Inverse isochron,43.86,0.12,100,294,13,,FCT-3 Biotite,,,"Renne et al., 1998",Proper plateau
Greenland,East Greenland,,Shannon,75.16,-18.05,Reported ,Sill,Sill (Basalt),Intrusive,194196,Ar/Ar,plagioclase,"Larsen, L.M., Pedersen, A.K., Tegner, C., & Duncan, R.A.","Journal of the Geological Society, London",171,539-553,Y,Ar/Ar Plateau age,51.85,0.28,0,51.85,0.28,"FCT-3 biotite monitor. All ages are here calculated relative to an age of 28.201 Ma for the Fish Canyon Tuff, following Kuiper et al. (2008) and Schmitz (2012), and using the decay constant for 40K of Steiger & Jäger -1977",,,,,,,Ar-Ar Inverse isochron,51.82,1.12,99,296,4,0.15,FCT-3 Biotite,,,"Renne et al., 1998",
Greenland,East Greenland,,Lille Pendulum,74.71,-18.27,Reported ,Bass Rock,Sill (Basalt),Intrusive,194207,Ar/Ar,plagioclase,"Larsen, L.M., Pedersen, A.K., Tegner, C., & Duncan, R.A.","Journal of the Geological Society, London",171,539-553,Y,Ar/Ar Plateau age,53.71,0.31,0,53.71,0.31,"FCT-3 biotite monitor. All ages are here calculated relative to an age of 28.201 Ma for the Fish Canyon Tuff, following Kuiper et al. (2008) and Schmitz (2012), and using the decay constant for 40K of Steiger & Jäger -1977",,,,,,,Ar-Ar Inverse isochron,53.95,0.88,100,290,15,0.19,FCT-3 Biotite,,,"Renne et al., 1998",
Greenland,East Greenland,,Lille Pendulum,74.65,-18.49,Reported ,Lower Plateau Lava Series,Basalt,Extrusive,194233,Ar/Ar,plagioclase,"Larsen, L.M., Pedersen, A.K., Tegner, C., & Duncan, R.A.","Journal of the Geological Society, London",171,539-553,Y,Ar/Ar Plateau age,55.42,0.46,0,55.42,0.46,"FCT-3 biotite monitor. All ages are here calculated relative to an age of 28.201 Ma for the Fish Canyon Tuff, following Kuiper et al. (2008) and Schmitz (2012), and using the decay constant for 40K of Steiger & Jäger -1977",,,,,,,Ar-Ar Inverse isochron,54.58,5.18,96.7,317,132,0.07,FCT-3 Biotite,,,"Renne et al., 1998",
Greenland,East Greenland,,"Sabine Ø, Kefersteinberg",74.62,-19,Reported ,Sill,Segregation patches(?),Intrusive,517355,Ar/Ar,plagioclase,"Larsen, L.M., Pedersen, A.K., Tegner, C., & Duncan, R.A.","Journal of the Geological Society, London",171,539-553,Y,Ar/Ar Plateau age,53.98,0.2,0,53.98,0.2,"FCT-3 biotite monitor. All ages are here calculated relative to an age of 28.201 Ma for the Fish Canyon Tuff, following Kuiper et al. (2008) and Schmitz (2012), and using the decay constant for 40K of Steiger & Jäger -1977",,,,,,,Ar-Ar Inverse isochron,54.24,0.94,85.6,276,64,0.1,FCT-3 Biotite,,,"Renne et al., 1998",
Greenland,East Greenland,,Hvalrosø,74.52,-18.75,Reported ,Sill,Pegmatite,Intrusive,475286,Ar/Ar,K-Feldspar,"Larsen, L.M., Pedersen, A.K., Tegner, C., & Duncan, R.A.","Journal of the Geological Society, London",171,539-553,Y,Ar/Ar Plateau age,20.31,0.06,0,20.31,0.06,"FCT-3 biotite monitor. All ages are here calculated relative to an age of 28.201 Ma for the Fish Canyon Tuff, following Kuiper et al. (2008) and Schmitz (2012), and using the decay constant for 40K of Steiger & Jäger -1977",,,,,,,Ar-Ar Inverse isochron,20.32,0.17,93.5,295,8,0.27,FCT-3 Biotite,,,"Renne et al., 1998",
Greenland,East Greenland,,"Wollaston Forland, Augustadal",74.42,-19.19,Reported ,Dyke,Dyke (Basalt),Intrusive,475289,Ar/Ar,plagioclase,"Larsen, L.M., Pedersen, A.K., Tegner, C., & Duncan, R.A.","Journal of the Geological Society, London",171,539-553,Y,Ar/Ar Plateau age,53.68,0.8,0,53.68,0.8,"FCT-3 biotite monitor. All ages are here calculated relative to an age of 28.201 Ma for the Fish Canyon Tuff, following Kuiper et al. (2008) and Schmitz (2012), and using the decay constant for 40K of Steiger & Jäger -1977",,,,,,,Ar-Ar Inverse isochron,53.67,5.78,78.4,296,156,0.19,FCT-3 Biotite,,,"Renne et al., 1998",
Greenland,East Greenland,,"Wollaston Forland, Blæsedal",74.38,-19.9,Reported ,Lower Plateau Lava Series,Basalt,Extrusive,194187,Ar/Ar,plagioclase,"Larsen, L.M., Pedersen, A.K., Tegner, C., & Duncan, R.A.","Journal of the Geological Society, London",171,539-553,Y,Ar/Ar Plateau age,53.8,0.38,0,53.8,0.38,"FCT-3 biotite monitor. All ages are here calculated relative to an age of 28.201 Ma for the Fish Canyon Tuff, following Kuiper et al. (2008) and Schmitz (2012), and using the decay constant for 40K of Steiger & Jäger -1977",,,,,,,Ar-Ar Inverse isochron,53.72,5.18,96.7,317,132,0.07,FCT-3 Biotite,,,"Renne et al., 1998",
Greenland,East Greenland,,Hobbs Land,74.08,-29.09,Reported ,Nunatak lavas,Melilitite,Extrusive,452434,Ar/Ar,Glass,"Larsen, L.M., Pedersen, A.K., Tegner, C., & Duncan, R.A.","Journal of the Geological Society, London",171,539-553,Y,Ar/Ar Inverse isochron age,53.4,0.92,0,53.4,0.92,"FCT-3 biotite monitor. All ages are here calculated relative to an age of 28.201 Ma for the Fish Canyon Tuff, following Kuiper et al. (2008) and Schmitz (2012), and using the decay constant for 40K of Steiger & Jäger -1977",,,,,,,Ar-Ar plateau age,53.94,0.64,62.3,310,42,1.83,FCT-3 Biotite,,,"Renne et al., 1998",
Greenland,East Greenland,,"Hold With Hope, Kap Stosch",74.02,-21.5,Reported ,Lower Plateau Lava Series,Basalt,Extrusive,95346,Ar/Ar,plagioclase,"Larsen, L.M., Pedersen, A.K., Tegner, C., & Duncan, R.A.","Journal of the Geological Society, London",171,539-553,Y,Ar/Ar Plateau age,54.16,0.36,0,54.16,0.36,"FCT-3 biotite monitor. All ages are here calculated relative to an age of 28.201 Ma for the Fish Canyon Tuff, following Kuiper et al. (2008) and Schmitz (2012), and using the decay constant for 40K of Steiger & Jäger -1977",,,,,,,Ar-Ar Inverse isochron,54.11,0.84,100,297,12,0.53,FCT-3 Biotite,,,"Renne et al., 1998",
Greenland,East Greenland,,"Hold With Hope, Tobiasdal",73.77,-21.42,Reported ,Upper Plateau Lava Series,Basalt,Extrusive,194150,Ar/Ar,plagioclase,"Larsen, L.M., Pedersen, A.K., Tegner, C., & Duncan, R.A.","Journal of the Geological Society, London",171,539-553,Y,Ar/Ar Plateau age,56.51,0.25,0,56.51,0.25,"FCT-3 biotite monitor. All ages are here calculated relative to an age of 28.201 Ma for the Fish Canyon Tuff, following Kuiper et al. (2008) and Schmitz (2012), and using the decay constant for 40K of Steiger & Jäger -1977",Excess Ar identified by authors,,,,,,Ar-Ar Inverse isochron,56.5,0.71,100,296,34,0.39,FCT-3 Biotite,,,"Renne et al., 1998",
Greenland,East Greenland,,Hold With Hope,73.47,-20.71,Reported ,Kap Broer Ruys complex,Felsite,Intrusive,228078,Ar/Ar,K-Feldspar,"Larsen, L.M., Pedersen, A.K., Tegner, C., & Duncan, R.A.","Journal of the Geological Society, London",171,539-553,Y,Ar/Ar Plateau age,48.71,0.26,0,48.71,0.26,"FCT-3 biotite monitor. All ages are here calculated relative to an age of 28.201 Ma for the Fish Canyon Tuff, following Kuiper et al. (2008) and Schmitz (2012), and using the decay constant for 40K of Steiger & Jäger -1977",,,,,,,Ar-Ar Inverse isochron,48.65,0.52,99.4,297,4,0.68,FCT-3 Biotite,,,"Renne et al., 1998",
Greenland,East Greenland,,Bontekoe Ø,73.14,-21.27,Reported ,Dyke,Dyke (Basalt),Intrusive,517310,Ar/Ar,plagioclase,"Larsen, L.M., Pedersen, A.K., Tegner, C., & Duncan, R.A.","Journal of the Geological Society, London",171,539-553,Y,Ar/Ar Plateau age,51.27,0.6,0,51.27,0.6,"FCT-3 biotite monitor. All ages are here calculated relative to an age of 28.201 Ma for the Fish Canyon Tuff, following Kuiper et al. (2008) and Schmitz (2012), and using the decay constant for 40K of Steiger & Jäger -1977",,,,,,,Ar-Ar Inverse isochron,51.41,1.81,98.4,295,6,0.05,FCT-3 Biotite,,,"Renne et al., 1998",
Greenland,East Greenland,,Geographical Society Ø,72.9,-21.91,Reported ,Lower Plateau Lava Series,Basalt,Extrusive,239531,Ar/Ar,plagioclase,"Larsen, L.M., Pedersen, A.K., Tegner, C., & Duncan, R.A.","Journal of the Geological Society, London",171,539-553,Y,Ar/Ar Plateau age,53.54,0.34,0,53.54,0.34,"FCT-3 biotite monitor. All ages are here calculated relative to an age of 28.201 Ma for the Fish Canyon Tuff, following Kuiper et al. (2008) and Schmitz (2012), and using the decay constant for 40K of Steiger & Jäger -1977",,,,,,,Ar-Ar Inverse isochron,53.3,2.14,83.6,306,82,0.04,FCT-3 Biotite,,,"Renne et al., 1998",
Greenland,East Greenland,,Geographical Society Ø,72.8,-22.37,Reported ,Sill on Freycinet Bjerg,Basalt,Intrusive,239539,Ar/Ar,plagioclase,"Larsen, L.M., Pedersen, A.K., Tegner, C., & Duncan, R.A.","Journal of the Geological Society, London",171,539-553,Y,Ar/Ar Plateau age,52.58,0.33,0,52.58,0.33,"FCT-3 biotite monitor. All ages are here calculated relative to an age of 28.201 Ma for the Fish Canyon Tuff, following Kuiper et al. (2008) and Schmitz (2012), and using the decay constant for 40K of Steiger & Jäger -1977",,,,,,,Ar-Ar Inverse isochron,52.94,1.43,100,287,31,0.95,FCT-3 Biotite,,,"Renne et al., 1998",
Greenland,East Greenland,,Traill Ø,72.38,-23.31,Reported ,Sill below Svinhufvud Bjerge,Sill (Basalt),Intrusive,239578,Ar/Ar,plagioclase,"Larsen, L.M., Pedersen, A.K., Tegner, C., & Duncan, R.A.",Earth and Planetary Science Letters,160,569-586,Y,Ar/Ar Plateau age,55.14,0.19,0,55.14,0.19,"FCT-3 biotite monitor. All ages are here calculated relative to an age of 28.201 Ma for the Fish Canyon Tuff, following Kuiper et al. (2008) and Schmitz (2012), and using the decay constant for 40K of Steiger & Jäger -1977",,,,,,,Ar-Ar Inverse isochron,54.97,0.77,97.5,299,16,0.8,FCT-3 Biotite,,,"Renne et al., 1998",
Greenland,West Greenland,,Disko               ,69.64,-54.81,Reported,,Dyke (Basalt),Intrusive,Sample176601,Ar/Ar,Plagioclase         ,"Storey, M., Duncan, R.A., Pedersen, A.K., Larsen, L.M. and Larsen, H.C.",Earth and Planetary Science Letters,160,569-586,Y,Ar/Ar Plateau age,54.62,0.3,1.02,53.6,0.3,"Sample 176601, plateau age, similar isochron",,,,,,,Ar/Ar Inverse isochron age,53.4,1,86.8,321.5,46.5,,Fish Canyon Tuff-3 Biotite,27.84,0.2,"Hurford and Hammerschmidt, Chemical Geology V58, 23-32 (1985)",Proper plateau
Greenland,West Greenland,,Disko               ,70.07,-53.54,Reported,Vaigat Formation (Manitdlat Member),Hyaloclastite,Extrusive,Sample264091,Ar/Ar,Glass          ,"Storey, M., Duncan, R.A., Pedersen, A.K., Larsen, L.M. and Larsen, H.C.",Earth and Planetary Science Letters,160,569-586,Y,Ar/Ar Plateau age,61.86,0.5,1.16,60.7,0.5,"Sample 264091, plateau age, sim. isochron",,,,,,,Ar/Ar Inverse isochron age,60.3,1.3,98,298.8,25.6,,Fish Canyon Tuff-3 Biotite,27.84,0.2,"Hurford and Hammerschmidt, Chemical Geology V58, 23-32 (1985)",Proper plateau
Greenland,West Greenland,,Disko               ,69.63,-53.02,Reported,Maligât Formation (Middle Rinks Dal Member),Basalt,Extrusive,Sample328406,Ar/Ar,Plagioclase         ,"Storey, M., Duncan, R.A., Pedersen, A.K., Larsen, L.M. and Larsen, H.C.",Earth and Planetary Science Letters,160,569-586,Y,Ar/Ar Plateau age,61.45,0.4,1.15,60.3,0.4,"Sample 328406, plateau age, similar isochron",,,,,,,Ar/Ar Inverse isochron age,60.5,0.9,80,288,16.9,,Fish Canyon Tuff-3 Biotite,27.84,0.2,"Hurford and Hammerschmidt, Chemical Geology V58, 23-32 (1985)",
Greenland,West Greenland,,Nuussuaq             ,70.37,-53.51,Reported,,Dyke (Basalt),Intrusive,Sample340797,Ar/Ar,Plagioclase         ,"Storey, M., Duncan, R.A., Pedersen, A.K., Larsen, L.M. and Larsen, H.C.",Earth and Planetary Science Letters,160,569-586,Y,Ar/Ar Plateau age,55.84,0.4,1.04,54.8,0.4,"Sample 340797, plateau age, similar isochron",,,,,,,Ar/Ar Inverse isochron age,54.3,1,98.7,304.3,7.6,,Fish Canyon Tuff-3 Biotite,27.84,0.2,"Hurford and Hammerschmidt, Chemical Geology V58, 23-32 (1985)",Proper plateau
Greenland,West Greenland,,Nuussuaq             ,70.27,-52.62,Reported,Maligât Formation (Lower Rinks Dal Member),Basalt,Extrusive,Sample400323,Ar/Ar,Plagioclase         ,"Storey, M., Duncan, R.A., Pedersen, A.K., Larsen, L.M. and Larsen, H.C.",Earth and Planetary Science Letters,160,569-586,Y,Ar/Ar Plateau age,61.65,0.4,1.15,60.5,0.4,"Sample 400323, plateau age, similar isochron",,,,,,,Ar/Ar Inverse isochron age,61,1.2,94,283.8,15.6,,Fish Canyon Tuff-3 Biotite,27.84,0.2,"Hurford and Hammerschmidt, Chemical Geology V58, 23-32 (1985)",Proper plateau
Greenland,West Greenland,,Ubekendt Ejland    ,71.21,-53.89,Reported,,Lamprophyre Dyke,Intrusive,SampleUE500,Ar/Ar,K-Feldpar (Hyalophane)           ,"Storey, M., Duncan, R.A., Pedersen, A.K., Larsen, L.M. and Larsen, H.C.",Geological magazine,,25-Jan,Y,Ar/Ar Plateau age,34.75,0.2,0.65,34.1,0.2,"Sample UE 500, plateau, similar isochron",,,,,,,Ar/Ar Inverse isochron age,33.7,0.7,99.8,298.2,9.8,,Fish Canyon Tuff-3 Biotite,27.84,0.2,"Hurford and Hammerschmidt, Chemical Geology V58, 23-32 (1985)",Proper plateau
Greenland,West Greenland,,Nuussuaq (westernmost),70.76,-54.21,Reported,,Dyke (Tholeiite),Intrusive,135129,Ar/Ar,Plagioclase         ,"Larsen, L.M., Pedersen, A. K., Tegner, C., Duncan, R. A., Hald, N., & Larsen, J. G.",Geological magazine,,25-Jan,Y,Ar/Ar Plateau age,48.02,1.38,0,48.02,1.38,"Calculated relative to 28.201 Ma for FCT, according to Kuiper et al., 2008 and relative to Min et al., 2000 decay constant.",,,,,,1.1,Ar/Ar Inverse isochron age,46.77,2.84,100,297,2,,Fish Canyon Tuff-3 Biotite,27.84,,"Kuiper et al., 2008; Schmitz, 2012",Proper plateau
Greenland,West Greenland,,Nuussuaq (north),70.68,-52.7,Reported,Qaarsut sill,Dyke (Sheet; Alkali Basalt),Intrusive,489154,Ar/Ar,Plagioclase         ,"Larsen, L.M., Pedersen, A. K., Tegner, C., Duncan, R. A., Hald, N., & Larsen, J. G.",Geological magazine,,25-Jan,Y,Ar/Ar Plateau age,54.52,0.34,0,54.52,0.34,"Calculated relative to 28.201 Ma for FCT, according to Kuiper et al., 2008 and relative to Min et al., 2000 decay constant.",,,,,,0.61,Ar/Ar Inverse isochron age,54.6,0.72,92.1,293,8,,Fish Canyon Tuff-3 Biotite,27.84,,"Kuiper et al., 2008; Schmitz, 2012",Proper plateau
Greenland,West Greenland,,Disko (east; Sortebærdalen),69.66,-52.15,Reported,,Dyke (Tholeiite Basalt),Intrusive,318800,Ar/Ar,Plagioclase         ,"Larsen, L.M., Pedersen, A. K., Tegner, C., Duncan, R. A., Hald, N., & Larsen, J. G.",Geological magazine,,25-Jan,Y,Ar/Ar Plateau age,58.34,0.2,0,58.34,0.2,"Calculated relative to 28.201 Ma for FCT, according to Kuiper et al., 2008 and relative to Min et al., 2000 decay constant.",,,,,,0.12,Ar/Ar Inverse isochron age,58.41,0.86,99.3,293,23,,Fish Canyon Tuff-3 Biotite,27.84,,"Kuiper et al., 2008; Schmitz, 2012",Proper plateau
Greenland,West Greenland,,Disko Bugt (SE of Disko),69.31,-51.61,Reported,,Gabbro (Tholeiitic),Intrusive,Dana-06-148D-01,Ar/Ar,Plagioclase         ,"Larsen, L.M., Pedersen, A. K., Tegner, C., Duncan, R. A., Hald, N., & Larsen, J. G.",Geological magazine,,25-Jan,Y,Ar/Ar Plateau age,58.96,0.3,0,58.96,0.3,"Calculated relative to 28.201 Ma for FCT, according to Kuiper et al., 2008 and relative to Min et al., 2000 decay constant; Dredged sample",,,,,,1.27,Ar/Ar Inverse isochron age,58.47,1.65,81,300,13,,Fish Canyon Tuff-3 Biotite,27.84,,"Kuiper et al., 2008; Schmitz, 2012",Proper plateau
Greenland,West Greenland,,Svartenhuk Halvø,71.5,-55.23,Reported,Arfertuarsuk Trachyte Flow,Anorthoclase trachyte,Intrusive,1931.1,Ar/Ar,Anorthoclase,"Larsen, L.M., Pedersen, A. K., Tegner, C., Duncan, R. A., Hald, N., & Larsen, J. G.",Geological magazine,,25-Jan,Y,Ar/Ar Plateau age,57.51,0.12,0,57.51,0.12,"Calculated relative to 28.201 Ma for FCT, according to Kuiper et al., 2008 and relative to Min et al., 2000 decay constant.",,,,,,4.51,Ar/Ar Inverse isochron age,57.49,0.24,79.6,300,7,,Fish Canyon Tuff-3 Biotite,27.84,,"Kuiper et al., 2008; Schmitz, 2012",Proper plateau
Greenland,West Greenland,,Svartenhuk Halvø,71.79,-55.38,Reported,"Svartenhuk Formation, Skalø Member",Basalt (Tholeiitic),Extrusive,262838,Ar/Ar,Plagioclase         ,"Larsen, L.M., Pedersen, A. K., Tegner, C., Duncan, R. A., Hald, N., & Larsen, J. G.",Geological magazine,,25-Jan,Y,Ar/Ar Plateau age,57.98,0.3,0,57.98,0.3,"Calculated relative to 28.201 Ma for FCT, according to Kuiper et al., 2008 and relative to Min et al., 2000 decay constant.",,,,,,0.06,Ar/Ar Inverse isochron age,58.16,1.05,97.7,285,52,,Fish Canyon Tuff-3 Biotite,27.84,,"Kuiper et al., 2008; Schmitz, 2012",Proper plateau
Greenland,West Greenland,,Svartenhuk Halvø,71.98,-54.98,Reported,"Svartenhuk Formation, Nuuit Member",Basalt (Tholeiitic),Extrusive,262773,Ar/Ar,Plagioclase         ,"Larsen, L.M., Pedersen, A. K., Tegner, C., Duncan, R. A., Hald, N., & Larsen, J. G.",Geological magazine,,25-Jan,Y,Ar/Ar Plateau age,58.05,0.3,0,58.05,0.3,"Calculated relative to 28.201 Ma for FCT, according to Kuiper et al., 2008 and relative to Min et al., 2000 decay constant.",,,,,,0.15,Ar/Ar Inverse isochron age,58.22,1.13,95.3,285,64,,Fish Canyon Tuff-3 Biotite,27.84,,"Kuiper et al., 2008; Schmitz, 2012",Proper plateau
Greenland,West Greenland,,Ubekendt Ejland,71.04,-53.66,Reported,Saqqataa Qaqqaa Complex,Granophyre,Intrusive,417747,Ar/Ar,K-Feldpar (Hyalophane)           ,"Larsen, L.M., Pedersen, A. K., Tegner, C., Duncan, R. A., Hald, N., & Larsen, J. G.",Geological magazine,,25-Jan,Y,Ar/Ar Plateau age,55.21,0.2,0,55.21,0.2,"Calculated relative to 28.201 Ma for FCT, according to Kuiper et al., 2008 and relative to Min et al., 2000 decay constant.",,,,,,2.27,Ar/Ar Inverse isochron age,54.97,0.34,90.6,299,3,,Fish Canyon Tuff-3 Biotite,27.84,,"Kuiper et al., 2008; Schmitz, 2012",Proper plateau
Greenland,West Greenland,,Ubekendt Ejland,71.04,-53.69,Reported,Saqqataa Qaqqaa Complex,Gabbro,Intrusive,455754,Ar/Ar,Plagioclase         ,"Larsen, L.M., Pedersen, A. K., Tegner, C., Duncan, R. A., Hald, N., & Larsen, J. G.",Geological magazine,,25-Jan,Y,Ar/Ar Plateau age,56.99,0.2,0,56.99,0.2,"Calculated relative to 28.201 Ma for FCT, according to Kuiper et al., 2008 and relative to Min et al., 2000 decay constant.",,,,,,1.84,Ar/Ar Inverse isochron age,56.95,0.71,94.4,298,27,,Fish Canyon Tuff-3 Biotite,27.84,,"Kuiper et al., 2008; Schmitz, 2012",Proper plateau
Greenland,West Greenland,,Ubekendt Ejland,71.09,-53.91,Reported,Nuuk Takisooq Member,Pitchstone,Extrusive,438740,Ar/Ar,Feldspar   ,"Larsen, L.M., Pedersen, A. K., Tegner, C., Duncan, R. A., Hald, N., & Larsen, J. G.",Geological magazine,,25-Jan,Y,Ar/Ar Plateau age,55.94,0.1,0,55.94,0.1,"Calculated relative to 28.201 Ma for FCT, according to Kuiper et al., 2008 and relative to Min et al., 2000 decay constant.",,,,,,1.56,Ar/Ar Inverse isochron age,55.69,0.39,93.8,391,124,,Fish Canyon Tuff-3 Biotite,27.84,,"Kuiper et al., 2008; Schmitz, 2012",Proper plateau
Greenland,West Greenland,,Ubekendt Ejland,71.04,-53.72,Reported,Lower Qeqertalik Member,Basalt (Tholeiitic),Extrusive,455809,Ar/Ar,Plagioclase         ,"Larsen, L.M., Pedersen, A. K., Tegner, C., Duncan, R. A., Hald, N., & Larsen, J. G.",Geological magazine,,25-Jan,Y,Ar/Ar Plateau age,59.97,0.4,0,59.97,0.4,"Calculated relative to 28.201 Ma for FCT, according to Kuiper et al., 2008 and relative to Min et al., 2000 decay constant.",,,,,,1.26,Ar/Ar Inverse isochron age,58.98,1.88,100,326,51,,Fish Canyon Tuff-3 Biotite,27.84,,"Kuiper et al., 2008; Schmitz, 2012",Proper plateau
Greenland,West Greenland,,Nuussuaq (westernmost),70.73,-54.45,Reported,Upper Kanisut Member,Tuff (Acid),Extrusive,135152,Ar/Ar,K-Feldpar (Hyalophane)           ,"Larsen, L.M., Pedersen, A. K., Tegner, C., Duncan, R. A., Hald, N., & Larsen, J. G.",Geological magazine,,25-Jan,Y,Ar/Ar Plateau age,54.03,0.2,0,54.03,0.2,"Calculated relative to 28.201 Ma for FCT, according to Kuiper et al., 2008 and relative to Min et al., 2000 decay constant.",,,,,,0.48,Ar/Ar Inverse isochron age,54.14,0.37,92,255,69,,Fish Canyon Tuff-3 Biotite,27.84,,"Kuiper et al., 2008; Schmitz, 2012",Proper plateau
Greenland,West Greenland,,Nuussuaq (west; Nuusuutaa),70.66,-54.58,Reported,Middle Kanisut Member,Tuff (Comendite),Extrusive,410140,Ar/Ar,Sanidine,"Larsen, L.M., Pedersen, A. K., Tegner, C., Duncan, R. A., Hald, N., & Larsen, J. G.",Geological magazine,,25-Jan,Y,Ar/Ar Plateau age,54.86,0.2,0,54.86,0.2,"Calculated relative to 28.201 Ma for FCT, according to Kuiper et al., 2008 and relative to Min et al., 2000 decay constant.",,,,,,0.91,Ar/Ar Inverse isochron age,54.86,0.36,93,295,15,,Fish Canyon Tuff-3 Biotite,27.84,,"Kuiper et al., 2008; Schmitz, 2012",Proper plateau
Greenland,West Greenland,,Hareøen,70.41,-54.99,Reported,Lower Kanisut Member,Tuff,Extrusive,456257,Ar/Ar,Plagioclase         ,"Larsen, L.M., Pedersen, A. K., Tegner, C., Duncan, R. A., Hald, N., & Larsen, J. G.",Geological magazine,,25-Jan,Y,Ar/Ar Plateau age,56.15,0.2,0,56.15,0.2,"Calculated relative to 28.201 Ma for FCT, according to Kuiper et al., 2008 and relative to Min et al., 2000 decay constant.",,,,,,0.06,Ar/Ar Inverse isochron age,56.15,0.42,100,295,18,,Fish Canyon Tuff-3 Biotite,27.84,,"Kuiper et al., 2008; Schmitz, 2012",Proper plateau
Greenland,West Greenland,,Nuussuaq (north),70.83,-54.07,Reported,Upper Issorisoq Member,Crystal Tuff (above sample 489165),Extrusive,489172,Ar/Ar,K-Feldpar (Hyalophane)           ,"Larsen, L.M., Pedersen, A. K., Tegner, C., Duncan, R. A., Hald, N., & Larsen, J. G.",Geological magazine,,25-Jan,Y,Ar/Ar Plateau age,58.31,0.2,0,58.31,0.2,"Calculated relative to 28.201 Ma for FCT, according to Kuiper et al., 2008 and relative to Min et al., 2000 decay constant.",,,,,,0.83,Ar/Ar Inverse isochron age,58.39,0.35,100,Not defined; points clustered,,,Fish Canyon Tuff-3 Biotite,27.84,,"Kuiper et al., 2008; Schmitz, 2012",Proper plateau
Greenland,West Greenland,,Nuussuaq (north),70.83,-54.07,Reported,Middle Issorisoq Member,Crystal Tuff (above lahar),Extrusive,489165,Ar/Ar,K-Feldpar (Hyalophane)           ,"Larsen, L.M., Pedersen, A. K., Tegner, C., Duncan, R. A., Hald, N., & Larsen, J. G.",Geological magazine,,25-Jan,Y,Ar/Ar Plateau age,58.66,0.2,0,58.66,0.2,"Calculated relative to 28.201 Ma for FCT, according to Kuiper et al., 2008 and relative to Min et al., 2000 decay constant.",,,,,,0.25,Ar/Ar Inverse isochron age,58.66,0.37,94.7,296,75,,Fish Canyon Tuff-3 Biotite,27.84,,"Kuiper et al., 2008; Schmitz, 2012",Proper plateau
Greenland,West Greenland,,Svartenhuk Halvø,71.85,-55.61,Reported,Naqerloq Formation,Basalt (Tholeiitic; enriched),Extrusive,251372,Ar/Ar,Plagioclase         ,"Larsen, L.M., Pedersen, A. K., Tegner, C., Duncan, R. A., Hald, N., & Larsen, J. G.",Geological magazine,,25-Jan,Y,Ar/Ar Plateau age,54.86,0.22,0,54.86,0.22,"Calculated relative to 28.201 Ma for FCT, according to Kuiper et al., 2008 and relative to Min et al., 2000 decay constant.",,,,,,0.19,Ar/Ar Inverse isochron age,54.52,0.92,93.4,306,25,,Fish Canyon Tuff-3 Biotite,27.84,,"Kuiper et al., 2008; Schmitz, 2012",Proper plateau
Greenland,West Greenland,,Svartenhuk Halvø,71.53,-55.29,Reported,Naqerloq Formation,Basalt (Tholeiitic; enriched),Extrusive,278596,Ar/Ar,Plagioclase         ,"Larsen, L.M., Pedersen, A. K., Tegner, C., Duncan, R. A., Hald, N., & Larsen, J. G.",Chemical Geology,286,222-228,Y,Ar/Ar Plateau age,55.91,0.3,0,55.91,0.3,"Calculated relative to 28.201 Ma for FCT, according to Kuiper et al., 2008 and relative to Min et al., 2000 decay constant.",,,,,,0.06,Ar/Ar Inverse isochron age,55.02,7.91,78.8,Not defined; points clustered,,,Fish Canyon Tuff-3 Biotite,27.84,,"Kuiper et al., 2008; Schmitz, 2012",Proper plateau
Greenland,West Greenland,,Godthåbsfjord,64.12,-51.8,Reported,,Camptonite      ,Intrusive,201449,Ar/Ar,Plagioclase,"Larsen, L. M., Heaman, L. M., Creaser, R. A., Duncan, R. A., Frei, R. and Hutchison, M.","Journal of the Geological Society, London",166,999-1012,Y,Ar/Ar Inverse isochron age,51.46,0.9,0.34,51.8,0.9,,,,,,,,,,,72.3,424,8,1.4,Fish Canyon Tuff-3 Biotite,28.201,,"Kuiper et al., 2008 (age of the FCT sanidine), but they used Steiger and Jäger's decay constants. Recalculated to decay constant in Min et al. 2000",
Greenland,West Greenland,,Søndre Isortoq,65.39,-52.64,Reported,,Alkali basalt,Intrusive,KØ 17090,Ar/Ar,Plagioclase,"Larsen, L. M., Heaman, L. M., Creaser, R. A., Duncan, R. A., Frei, R. and Hutchison, M.","Journal of the Geological Society, London",166,999-1012,Y,Ar-Ar Plateau age,58.11,0.6,0.39,58.5,0.6,,,,,,,,Ar/Ar Inverse isochron age,58.4,0.6,89.1,311,14,1.1,Fish Canyon Tuff-3 Biotite,28.201,,"Kuiper et al., 2008 (age of the FCT sanidine), but they used Steiger and Jäger's decay constants. Recalculated to decay constant in Min et al. 2000",
Greenland,West Greenland,,Itilleq,66.45,-53.3,Reported,Plag-phyric dyke,Tholeiitic basalt,Intrusive,464627,Ar/Ar,Plagioclase,"Larsen, L. M., Heaman, L. M., Creaser, R. A., Duncan, R. A., Frei, R. and Hutchison, M.","Journal of the Geological Society, London",166,999-1012,Y,Ar-Ar Plateau age,63.58,1.3,0.42,64,1.3,,,,,,,,Ar/Ar Inverse isochron age,64.5,2,100,292,12,0.3,Fish Canyon Tuff-3 Biotite,28.201,,"Kuiper et al., 2008 (age of the FCT sanidine), but they used Steiger and Jäger's decay constants. Recalculated to decay constant in Min et al. 2000",
Greenland,West Greenland,,Aasiaat Region,68.84,-51.97,Reported,Grønne Ejland sill,Tholeiitic basalt,Intrusive,455793,Ar/Ar,Plagioclase,"Larsen, L. M., Heaman, L. M., Creaser, R. A., Duncan, R. A., Frei, R. and Hutchison, M.","Journal of the Geological Society, London",166,999-1012,Y,Ar-Ar Plateau age,60.4,0.8,0.4,60.8,0.8,,,,,,,,Ar/Ar Inverse isochron age,60.6,1,86.5,302,12,0.4,Fish Canyon Tuff-3 Biotite,28.201,,"Kuiper et al., 2008 (age of the FCT sanidine), but they used Steiger and Jäger's decay constants. Recalculated to decay constant in Min et al. 2000",
Greenland,West Greenland,,Aasiaat Region,68.21,-52.55,Reported,globular dyke,Tholeiitic basalt,Intrusive,464536,Ar/Ar,Plagioclase,"Larsen, L. M., Heaman, L. M., Creaser, R. A., Duncan, R. A., Frei, R. and Hutchison, M.",,,,Y,Ar-Ar Plateau age,55.73,0.2,0.37,56.1,0.2,,,,,,,,Ar/Ar Inverse isochron age,56.3,0.3,79,252,35,1.5,Fish Canyon Tuff-3 Biotite,28.201,,"Kuiper et al., 2008 (age of the FCT sanidine), but they used Steiger and Jäger's decay constants. Recalculated to decay constant in Min et al. 2000",
Northern Ireland,British-Irish Palaeogene Igneous,Antrim,Tardree Rhyolite complex,54.79,-6.13,Reported,Interbasalt Formation,Rhyolite,Intrusive,Sandy Braes,Ar/Ar,Sanidine            ,"Ganerød, M., Chew, D.M., Smethurst, M.A., Troll, V.R., Corfu, F., Meade, F. and Prestvik, T.",Chemical Geology,286,222-228,Y,Ar/Ar Plateau age,60.9,0.26,0.2,61.1,0.26,From Renne et al. 2010,,,,,,0.35,Ar/Ar Inverse isochron age,60.19,0.72,100,326.3,23.3,0.22,Taylor Creek Rhyolite Sanidine,28.62,,"Renne et al., Geochimica et Cosmochimica Acta V74, 5349-5367 (2010)",Proper plateau
Northern Ireland,British-Irish Palaeogene Igneous,Antrim,Tardree Rhyolite complex,54.78,-6.16,Reported,Interbasalt Formation,Rhyolite,Intrusive,Tardree forest,Ar/Ar,Sanidine            ,"Ganerød, M., Chew, D.M., Smethurst, M.A., Troll, V.R., Corfu, F., Meade, F. and Prestvik, T.",Chemical Geology,286,222-228,Y,Ar/Ar Plateau age,61.02,0.37,0.2,61.22,0.37,From Renne et al. 2010,,,,,,0.71,Ar/Ar Inverse isochron age,61,0.46,100,297.5,4.7,0.76,Taylor Creek Rhyolite Sanidine,28.62,,"Renne et al., Geochimica et Cosmochimica Acta V74, 5349-5367 (2010)",Proper plateau
Northern Ireland,British-Irish Palaeogene Igneous,Antrim,Tardree Rhyolite complex,54.78,-6.16,Reported,Interbasalt Formation,Rhyolite,Intrusive,Tardree forest,U/Pb,Zircon,"Ganerød, M., Chew, D.M., Smethurst, M.A., Troll, V.R., Corfu, F., Meade, F. and Prestvik, T.",Geophysical Journal International,182,183-202,Y,206Pb/238U age,61.32,0.05,0,61.32,0.05,,CA-TIMS,,,,,,,,,,,,,,,,,
Northern Ireland,British-Irish Palaeogene Igneous,Antrim,Antrim Lava Group,54.58,-5.72,Reported,,Sill,Intrusive,Scrabo hill,Ar/Ar,Plagioclase         ,"Ganerød, M., Smethurst, M.A., Torsvik, T.H., Prestvik, T., Rousse, S., McKenna, C., Hinsbergen, D.J.J. van and Hendriks, B.W.H.","Journal of the Geological Society, London",167,433-436,Y,Ar/Ar Plateau age,50.22,0.43,0.32,49.9,0.43,,,,,,,0.36,Ar/Ar Inverse isochron age,49.6,1.08,87.8,296.1,6.1,0.04,Taylor Creek Rhyolite Sanidine,28.34,0.16,"Renne et al., Chemical Geology V145, 117-552 (1998)",Proper plateau
Offshore Norway,Offshore Norway,Vøring margin,Mid-Norwegian margin,66.68,7.36,Reported,,Sill,Intrusive,Utgard Upper Sill,U/Pb,Zircon,"Svensen, H., Planke, S. and Corfu, F.","Journal of the Geological Society, London",167,433-436,Y,U/Pb Concordia age,55.6,0.15,0,55.6,0.15,ID-TIMS,,,,,,,,,,,,,,,,,,
Offshore Norway,Offshore Norway,Vøring margin,Mid-Norwegian margin,66.68,7.36,Reported,,Sill,Intrusive,Utgard Lower Sill,U/Pb,Zircon,"Svensen, H., Planke, S. and Corfu, F.",Journal of the Geological Society London,169,115-118,Y,U/Pb Concordia age,56.3,0.2,0,56.3,0.2,ID-TIMS,,,,,,,,,,,,,,,,,,
UK,British-Irish Palaeogene Igneous,Outer Hebrides,"Loch Roag, Lewis (Scotland)",59.19,-6.94,Approximate,,Dyke,Intrusive,LR-299,Ar/Ar,Phlogopite,"Faithfull, J.W., Timmerman, M.J., Upton, B.G.J. and Rumsey, M.S.",Journal of Petrology,50,2345-2374,Y,Ar/Ar Plateau age,45.91,0.11,0.71,45.2,0.1,"Calibrated with Tinto and LP-6 (128.5 Ma); decay constants by Steiger and Jager 1977, used the age of MMhb-1 in Roddick --> Renne et al. 1998 --> Kuiper et al. 2008",,,,,,0.8,Ar/Ar Inverse isochron age,45,0.35,100,298.8,9.6,0.8,Tinto Biotite,409.2,,"Rex and Guise, Bulletin of Liaison and information V6, IGCP project 196, 106-109 (1986)",Proper plateau
UK,British-Irish Palaeogene Igneous,Isle of Arran,Drumadoon Sill,55.51,-5.35,Reported,,Porphyritic rhyolite,Intrusive,DD-T,Ar/Ar,K-Feldspar          ,"Meade, F.C., Chew, D.M., Troll, V.R., Ellam, R.M. and Page, L.M.",Chemical Geology,241,264-281,Y,Ar/Ar Plateau age,59.42,0.14,0.38,59.04,0.13,"Acid leaching (5% HF, 10 minutes)",,,,,,,,,,,,,,Fish Canyon sanidine,28.02,0.16,Renne et al. 1997,Proper plateau
UK,British-Irish Palaeogene Igneous,Isle of Eigg,"Isle of Eigg,",56.86,-6.19,Approximate,Eigg Lava Formation,Tephra,Extrusive,SampleEigg96-1,Ar/Ar,Sanidine            ,"Storey, M., Duncan, R.A. and Tegner, C.",Lithos,79,367-384,Y,Ar/Ar Plateau age,62.55,0.5,0.75,61.8,0.5,Felsic ash layer,,,,,,,Ar/Ar Isochron age,61.7,0.5,77,319,32,1,Fish Canyon Tuff-3 Biotite,28.03,0.16,"Renne et al., Chemical Geology V145, 117-552 (1998)",Proper plateau
UK,British-Irish Palaeogene Igneous,Isle of Muck        ,Small Isles Tertiary centre,56.83,-6.23,Reported,The Muck Tuff,Tuff,Extrusive,MT2 Weighted mean,Ar/Ar,Sanidine,"Chambers, L.M., Pringle, M.S. and Parrish, R.R.",Lithos,79,367-384,Y,Ar/Ar mean age (multiple samples),61.95,0.08,1.3,60.65,0.07,,,,,,,0.75,,,,,,,,Taylor Creek Rhyolite 85G003 Sanidine,27.92,0.04,,Proper plateau
UK,British-Irish Palaeogene Igneous,Isle of Muck        ,Small Isles Tertiary centre,56.83,-6.23,Reported,The Muck Tuff,Tuff,Extrusive,MT3 Weighted mean,Ar/Ar,Sanidine,"Chambers, L.M., Pringle, M.S. and Parrish, R.R.",Lithos,79,367-384,Y,Ar/Ar mean age (multiple samples),61.74,0.08,1.3,60.44,0.07,,,,,,,0.12,,,,,,,,Taylor Creek Rhyolite 85G003 Sanidine,27.92,0.04,,Proper plateau
UK,British-Irish Palaeogene Igneous,Isle of Muck        ,Small Isles Tertiary centre,56.83,-6.23,Reported,The Muck Tuff,Tuff,Extrusive,Muck Tuff,U/Pb,Zircon,"Chambers, L.M., Pringle, M.S. and Parrish, R.R.","Journal of the Geological Society, London",166,651-660,Y,U/Pb Concordia age,61.15,0.25,0,61.15,0.25,U/Pb Concordia MSWD 0.00014,ID-TIMS,,,,,,,,,,,,,,,,,
UK,British-Irish Palaeogene Igneous,Isle of Rum,,,,,Early felsic rhyodacite,Rhyodacite,Intrusive,UDPNTLH and RDP,Ar/Ar,Plagioclase,"Troll, V. R., Nicoll, G. R., Donaldson, C.H. and Emeleus, H.C. ",Nature,394,260-263,Y,Ar/Ar ideogram,61.08,0.21,0.75,60.33,0.21,Combined results from samples UDPNTLH and RDP displayed in an ideogram.,,,,,,,,,,,,,,MMhb-1,520.4,,Samson & Alexander 1979,
UK,British-Irish Palaeogene Igneous,Isle of Rum                 ,Isle of Rum                 ,57,-6.5,Approximate,,Alkaline Pegmatite,Intrusive,SR314,U/Pb,Zircon              ,"Hamilton, M.A., Pearson, D.G., Thompson, R.N., Kelley, S. P. and Emeleus, C.H.",Nature,394,260-263,Y,U/Pb Concordia age,60.53,0.04,0,60.53,0.04,"Weighted mean, 3 concordant fractions, 206/238 age; MSWD 0.46",CA-TIMS,,,,,,,,,,,,,,,,,
UK,British-Irish Palaeogene Igneous,Isle of Rum                 ,Isle of Rum                 ,57,-6.5,Approximate,,Alkaline Pegmatite,Intrusive,GP387,Ar/Ar,Phlogopite          ,"Hamilton, M.A., Pearson, D.G., Thompson, R.N., Kelley, S. P. and Emeleus, C.H.",Nature,394,260-263,Y,Ar/Ar Inverse isochron age,61.05,0.5,0.95,60.1,0.5,isochron age,,,,,,,,,,,426,30,0.9,GA-1550 Biotite,97.9,,"McDougall and Harrison, Oxford University Press, 1988",
UK,British-Irish Palaeogene Igneous,Isle of Skye,Cuillin             ,57.4,-6.5,Approximate,,Gabbro Pegmatite,Intrusive,SC1/2,U/Pb,Zircon              ,"Hamilton, M.A., Pearson, D.G., Thompson, R.N., Kelley, S. P. and Emeleus, C.H.",Nature,394,260-263,Y,U/Pb Concordia age,58.91,0.03,0,58.91,0.03,mean 206/238 age of the best of four fractions; MSWD 0.18,CA-TIMS,,,,,,,,,,,,,,,,,
UK,British-Irish Palaeogene Igneous,Isle of Skye,Isle of Skye,57.4,-6.5,Approximate,,Dyke (Trachyte),Intrusive,GP382,Ar/Ar,Biotite             ,"Hamilton, M.A., Pearson, D.G., Thompson, R.N., Kelley, S. P. and Emeleus, C.H.","Journal of the Geological Society, London",166,999-1012,Y,Ar/Ar Inverse isochron age,58.51,0.6,0.91,57.6,0.6,"isochron age, Skye Lava pile",,,,,,,,,,,360,30,0.5,GA-1550 Biotite,97.9,,"McDougall and Harrison, Oxford University Press, 1988",